Wall time,Step,Value
1738269093.292296,42,-15.726400375366211
1738269103.4982007,94,7.790500640869141
1738269119.507005,167,-20.588333129882812
1738269132.8378417,229,-14.832130432128906
1738269133.8496435,234,8.916519165039062
1738269138.175777,255,-12.383419036865234
1738269141.989904,273,-3.8984289169311523
1738269149.3781412,308,-17.841312408447266
1738269149.9236217,310,-13.647261619567871
1738269151.4614873,318,-13.647261619567871
1738269184.7674787,474,-3.996354579925537
1738269279.509128,537,-2.682624578475952
1738269288.8656516,580,9.40735912322998
1738269290.4566166,587,-17.60904884338379
1738269300.8907382,635,-0.7487172484397888
1738269303.7192788,648,-15.740055084228516
1738269318.4989095,715,-11.134956359863281
1738269320.326397,723,-21.027097702026367
1738269337.8450336,803,-25.28557777404785
1738269339.1157115,809,-25.28557777404785
1738269345.1699376,837,-10.512669563293457
1738269451.0634854,1016,-11.70242977142334
1738269462.5778465,1068,-12.383661270141602
1738269471.2184775,1106,-2.8332948684692383
1738269488.7648194,1182,-17.865169525146484
1738269507.769498,1263,-17.688169479370117
1738269520.4795892,1318,-5.283213138580322
1738269521.106769,1321,-5.283213138580322
1738269524.4713893,1335,-4.011035919189453
1738269525.3408117,1339,-4.011035919189453
1738269536.7633321,1387,-17.854961395263672
1738269538.4928484,1394,-4.030595779418945
1738269549.259375,1438,-12.222538948059082
1738269642.267106,1555,-11.81837272644043
1738269675.7514892,1694,-4.501430511474609
1738269686.2517722,1737,-11.052693367004395
1738269686.928212,1740,-11.052693367004395
1738269713.0059352,1847,-11.706398963928223
1738269720.8452556,1880,8.462310791015625
1738269730.8164608,1920,-2.023911714553833
1738269738.1857803,1950,-5.013071060180664
1738269824.8012886,2040,-11.580810546875
1738269839.7869265,2100,-2.861180305480957
1738269865.5536127,2203,-4.397366046905518
1738269881.6400328,2266,-6.844939231872559
1738269894.051706,2311,-4.33754301071167
1738269916.5183055,2393,6.633738994598389
1738269928.6455154,2440,-4.706871509552002
1738269933.04955,2457,-4.142614841461182
1738269933.546996,2459,-4.142614841461182
1738269940.9953413,2489,9.559844970703125
1738269941.2333176,2490,9.559844970703125
1738269944.164774,2502,-11.074453353881836
1738269945.5445673,2507,-1.6432452201843262
1738270020.7494628,2537,-3.0147955417633057
1738270059.179287,2690,-4.544830799102783
1738270072.9945428,2745,7.292944431304932
1738270130.484557,2972,-11.955893516540527
1738270204.5209925,3044,-3.864879608154297
1738270236.5787747,3167,7.590669631958008
1738270254.5083764,3236,9.556923866271973
1738270258.6238277,3252,9.832127571105957
1738270258.8751817,3253,9.832127571105957
1738270273.898536,3311,-10.785848617553711
1738270319.7512572,3486,-2.477644443511963
1738270424.8802474,3625,2.3868815898895264
1738270425.498177,3627,-12.148289680480957
1738270438.9815788,3677,-4.322683334350586
1738270458.161539,3748,-5.8359270095825195
1738270479.4919844,3821,8.112500190734863
1738270481.4510102,3828,-12.71354866027832
1738270510.3836825,3935,-3.5506346225738525
1738270518.056043,3963,-13.156595230102539
1738270593.1730375,4044,-11.580669403076172
1738270610.3049362,4106,-12.482342720031738
1738270637.700673,4204,-11.612407684326172
1738270647.6973991,4240,-10.430191040039062
1738270671.287498,4325,-12.00151252746582
1738270694.6952755,4408,-3.8301706314086914
1738270720.7587037,4500,7.929108619689941
1738270725.4863236,4517,-13.422161102294922
1738270828.585241,4673,-11.136795997619629
1738270829.668034,4677,-11.136795997619629
1738270832.065843,4685,-3.0774950981140137
1738270864.2004054,4797,9.429596900939941
1738270868.1675496,4811,9.746711730957031
1738270894.4493482,4903,10.062272071838379
1738270916.3155928,4980,-10.451509475708008
1738271013.1262653,5116,-12.995530128479004
1738271021.4532275,5144,8.121298789978027
1738271083.1917188,5355,-2.0631606578826904
1738271087.2131653,5369,-11.375420570373535
1738271104.9721234,5430,9.476677894592285
1738271208.2321079,5560,-3.0297751426696777
1738271247.791109,5690,-3.1084952354431152
1738271261.3572974,5734,-10.866146087646484
1738271287.5768251,5819,-13.706186294555664
1738271304.7985497,5875,-11.113600730895996
1738271306.9406366,5882,-10.837410926818848
1738271317.9365034,5918,-2.5794198513031006
1738271342.997824,6001,-10.37823486328125
1738271446.186243,6212,-2.8893978595733643
1738271452.1073937,6231,-3.70298433303833
1738271473.7903132,6301,8.030189514160156
1738271501.042877,6388,-10.448665618896484
1738271611.614037,6533,-12.565367698669434
1738271628.634075,6587,9.138991355895996
1738271637.951082,6616,-1.877518892288208
1738271668.3691502,6712,7.652824401855469
1738271672.4422767,6724,-4.032332420349121
1738271718.2360425,6867,-11.085836410522461
1738271754.270147,6979,7.438483238220215
1738271848.658489,7128,-12.791204452514648
1738271862.0980828,7169,7.641953468322754
1738271935.7994788,7396,7.381242275238037
1738271961.2591166,7474,7.7737507820129395
1738271962.223283,7477,7.7737507820129395
1738271967.170691,7492,-3.204709053039551
1738272032.640075,7526,-3.3763937950134277
1738272124.8259065,7803,8.870006561279297
1738272128.2001588,7813,-12.8153657913208
1738272139.9856153,7848,-10.648516654968262
1738272193.4773839,8006,-11.985669136047363
1738272264.5536597,8082,-10.705914497375488
1738272304.0381608,8196,7.235578536987305
1738272318.0292242,8237,7.316609859466553
1738272365.922752,8379,-4.2184576988220215
1738272367.5982127,8384,-4.2184576988220215
1738272370.6644127,8393,8.836834907531738
1738272411.9730453,8514,-2.8943870067596436
1738272415.4260654,8524,7.824462413787842
1738272492.9209397,8618,-12.152634620666504
1738272589.3560731,8895,-11.722749710083008
1738272599.3412614,8924,9.772506713867188
1738272606.8312745,8945,-2.971172571182251
1738272609.2456396,8952,9.294297218322754
1738272629.3231833,9010,9.323357582092285
1738272770.5858755,9278,-13.172186851501465
1738272832.7984855,9453,-3.8668012619018555
1738272844.5321114,9486,-11.541526794433594
1738272936.6789043,9573,-11.015812873840332
1738272941.262804,9586,-11.685760498046875
1738272973.4769773,9676,-3.100767135620117
1738272981.9378421,9699,-2.215914487838745
1738272988.3530614,9717,-13.149215698242188
1738273040.8969522,9862,9.620658874511719
1738273063.9018826,9926,9.349798202514648
1738273169.1710722,10104,10.06214714050293
1738273239.7559478,10296,-3.444404125213623
1738273242.364329,10303,8.52219295501709
1738273285.452341,10419,-2.7388439178466797
1738273315.255459,10499,-3.0504612922668457
1738273397.4461906,10543,-2.943098545074463
1738273429.7779875,10628,-3.2080914974212646
1738273441.4254215,10659,-2.4994020462036133
1738273447.5047753,10675,-13.170601844787598
1738273468.5701258,10732,-11.140498161315918
1738273485.5943005,10778,9.69154167175293
1738273485.955384,10779,9.69154167175293
1738273494.1531255,10801,7.970263481140137
1738273516.9218717,10862,9.765820503234863
1738273520.2715456,10871,-13.05826187133789
1738273540.1361873,10923,9.441025733947754
1738273541.2266042,10926,9.441025733947754
1738273555.5826862,10964,-11.300559043884277
1738273564.0539157,10987,9.615494728088379
1738273567.1089947,10995,-13.260802268981934
1738273638.6650457,11042,9.73319149017334
1738273669.7062035,11124,7.766236782073975
1738273676.8559961,11143,-11.57177448272705
1738273706.0770109,11220,-12.073158264160156
1738273790.4234712,11441,8.015067100524902
1738273810.6913714,11494,9.11784553527832
1738273818.2674582,11514,9.731693267822266
1738273894.630098,11546,9.360316276550293
1738273898.1043997,11555,8.905489921569824
1738273911.2522166,11589,9.713478088378906
1738273942.9859984,11671,-11.274300575256348
1738273957.3239365,11708,9.51156997680664
1738273985.8670583,11782,9.4813871383667
1738274029.9565144,11896,-11.741602897644043
1738274067.2292778,11992,8.61432933807373
1738274069.183823,11997,9.465100288391113
1738274131.0926752,12034,-13.651677131652832
1738274181.5541556,12162,-2.7415192127227783
1738274191.801423,12188,-11.636846542358398
1738274199.6357265,12208,8.947576522827148
1738274242.193128,12314,-11.547743797302246
1738274288.1089706,12429,-3.0679423809051514
1738274309.464601,12482,8.268165588378906
1738274449.9625988,12696,9.361682891845703
1738274534.139459,12902,-2.7351579666137695
1738274559.431808,12964,-12.582592964172363
1738274658.191785,13043,9.410845756530762
1738274665.2433515,13060,9.313526153564453
1738274676.2633474,13087,9.262054443359375
1738274685.0522318,13108,-2.969762086868286
1738274690.0159686,13120,8.544236183166504
1738274696.0801823,13135,9.83076286315918
1738274817.9046197,13428,9.544539451599121
1738274819.5419502,13432,9.544539451599121
1738274859.9687,13530,9.83820629119873
1738274921.1013162,13573,9.483271598815918
1738274942.3832057,13624,7.824140548706055
1738274951.970928,13647,9.316929817199707
1738274976.6808598,13706,-2.7741951942443848
1738275031.908218,13837,-11.415472984313965
1738275063.1513116,13911,8.24701976776123
1738275195.0384502,14108,7.805075645446777
1738275255.732007,14249,-3.853632688522339
1738275283.8889403,14315,-0.2749719023704529
1738275287.031906,14322,-0.43383878469467163
1738275298.0845673,14348,9.867220878601074
1738275305.783633,14366,8.548073768615723
1738275331.3339255,14425,-11.061659812927246
1738275352.831787,14475,9.702105522155762
1738275469.3875077,14661,-12.468043327331543
1738275471.9855144,14667,-12.468043327331543
1738275485.0555418,14697,-12.046287536621094
1738275488.9874635,14706,-11.02723503112793
1738275493.4646084,14716,-2.858874797821045
1738275533.7687745,14808,9.67098617553711
1738275537.688431,14817,9.85827922821045
1738275547.0334582,14838,7.9475603103637695
1738275575.249144,14902,-3.5512192249298096
1738275583.5957,14921,-11.531804084777832
1738275726.304396,15120,-2.1115400791168213
1738275766.421802,15210,7.550551891326904
1738275804.978638,15296,8.71644401550293
1738275830.9740362,15354,-10.961777687072754
1738275897.6018004,15503,9.305022239685059
1738275898.4775639,15505,9.305022239685059
1738275912.781072,15537,-11.18343734741211
1738275968.9412217,15569,-12.74022388458252
1738276060.4420772,15771,9.778754234313965
1738276071.2784667,15795,-12.273968696594238
1738276100.0893996,15859,9.153185844421387
1738276174.9087687,16024,9.030741691589355
1738276275.1151686,16127,9.373320579528809
1738276284.6014569,16148,9.227178573608398
1738276344.9810448,16281,9.614208221435547
1738276377.8087747,16353,8.731868743896484
1738276387.756191,16375,9.766035079956055
1738276417.2123137,16438,-1.9049919843673706
1738276462.9427361,16537,-11.120739936828613
1738276595.2700832,16730,7.246408939361572
1738276647.149728,16842,-2.854905605316162
1738276669.4843054,16890,9.023992538452148
1738276688.8791833,16932,9.212051391601562
1738276810.8630977,17100,-11.208234786987305
1738276825.4977107,17131,8.069643020629883
1738276897.418897,17273,-3.038686990737915
1738276923.4166205,17326,-11.230636596679688
1738276935.6152408,17351,9.195755004882812
1738276946.5046604,17373,8.169271469116211
1738276998.0706546,17478,-11.072808265686035
1738277097.3662481,17578,9.566946983337402
1738277104.2754529,17592,-11.305073738098145
1738277118.530042,17621,9.883237838745117
1738277122.5428078,17629,9.279994010925293
1738277136.8404198,17658,-11.557455062866211
1738277186.5382195,17757,8.944289207458496
1738277302.4904783,17988,9.481487274169922
1738277370.2050915,18054,8.135991096496582
1738277393.8778758,18101,9.827736854553223
1738277494.1087983,18300,9.819403648376465
1738277521.494417,18354,9.091081619262695
1738277588.9435983,18487,-10.320566177368164
1738277589.4791198,18488,-10.320566177368164
1738277704.320332,18629,9.361454010009766
1738277767.6277814,18757,-10.616142272949219
1738277828.5768893,18882,-11.83672046661377
1738277883.9282277,18995,9.5713529586792
1738277996.0256276,19154,8.312284469604492
1738278022.3125272,19207,9.201214790344238
1738278073.0180724,19309,-2.647291421890259
1738278246.1436195,19570,9.352614402770996
1738278300.4189827,19679,9.572675704956055
1738278307.330652,19693,8.9840726852417
1738278345.281868,19770,9.751091957092285
1738278348.2056446,19776,9.751091957092285
1738278402.1689377,19885,9.870976448059082
1738278448.0369217,19977,9.13484001159668
1738278476.6059954,20034,9.654762268066406
1738278528.9891894,20075,9.596199989318848
1738278538.0350654,20093,-11.894330978393555
1738278541.0183494,20099,-11.894330978393555
1738278542.5413208,20102,9.8810396194458
1738278580.8696425,20178,8.309001922607422
1738278581.357079,20179,8.309001922607422
1738278604.9291384,20226,8.104767799377441
1738278620.46304,20257,9.165925979614258
1738278634.0921204,20284,9.628400802612305
1738278635.5655265,20287,9.628400802612305
1738278638.0833688,20292,9.390288352966309
1738278673.89565,20363,9.736968994140625
1738278704.764146,20423,9.007609367370605
1738278733.421615,20480,9.639068603515625
1738278755.9637733,20525,9.815777778625488
1738278811.8213687,20567,8.80392074584961
1738278818.4793205,20580,-2.0822367668151855
1738278818.9888513,20581,9.384973526000977
1738278830.1908283,20603,8.825650215148926
1738278838.2362268,20619,-10.997139930725098
1738278905.181917,20751,9.759137153625488
1738278939.920326,20820,9.798072814941406
1738278941.5973053,20823,-3.034876585006714
1738278942.0884624,20824,-3.034876585006714
1738278966.441509,20872,8.885513305664062
1738278978.5573463,20896,9.758038520812988
1738279123.2778614,21122,9.724259376525879
1738279155.9437366,21186,9.670010566711426
1738279189.2192907,21251,9.68359088897705
1738279201.0055356,21274,-12.07060432434082
1738279244.0305188,21358,8.536035537719727
1738279245.5253904,21361,8.536035537719727
1738279248.1352496,21366,8.879758834838867
1738279282.248416,21433,9.56087875366211
1738279291.3495595,21451,9.540565490722656
1738279329.8083487,21526,-10.91759967803955
1738279382.094093,21566,9.856833457946777
1738279463.8982785,21724,8.792937278747559
1738279525.0221083,21838,9.457743644714355
1738279539.4194152,21864,7.380229473114014
1738279550.7775316,21885,9.373977661132812
1738279553.952717,21891,9.373977661132812
1738279639.4990432,22049,9.774592399597168
1738279822.0213785,22289,-10.931746482849121
1738279847.6284215,22336,9.361865997314453
1738279868.190047,22374,8.979628562927246
1738279883.3572657,22402,8.924912452697754
1738279945.469089,22516,7.33486270904541
1738280039.9128742,22589,9.283882141113281
1738280089.3723087,22680,8.652259826660156
1738280160.449808,22810,9.322555541992188
1738280201.4527094,22885,8.52030086517334
1738280250.654037,22975,9.361236572265625
1738280404.3808146,23184,9.738853454589844
1738280409.9140327,23194,8.334653854370117
1738280428.6526244,23228,8.313911437988281
1738280434.1702435,23238,9.402928352355957
1738280448.3916388,23264,9.288973808288574
1738280473.3197892,23309,8.299497604370117
1738280486.0990286,23332,9.863512992858887
1738280528.0121086,23407,9.41718578338623
1738280565.2235682,23473,9.79913330078125
1738280678.628391,23587,8.380569458007812
1738280705.9195552,23636,8.682821273803711
1738280751.0022476,23717,9.359063148498535
1738280757.169319,23728,9.107929229736328
1738280768.2601604,23748,9.894403457641602
1738280900.3031769,23985,8.382986068725586
1738281034.0060976,24127,9.46835708618164
1738281055.8709688,24166,9.841028213500977
1738281072.1961913,24195,9.114336013793945
1738281121.3313437,24282,9.379443168640137
1738281148.3078904,24330,9.863149642944336
1738281149.4169955,24332,9.863149642944336
1738281170.8481443,24370,8.929641723632812
1738281183.806811,24393,9.423925399780273
1738281350.9771802,24606,5.2493977546691895
1738281387.4907358,24670,9.79931640625
1738281443.0231717,24768,8.617286682128906
1738281447.596226,24776,9.455623626708984
1738281546.3100882,24950,9.704050064086914
1738281565.0753253,24983,9.374239921569824
1738281607.7606945,25057,7.089225769042969
1738281690.6762047,25097,8.561927795410156
1738281739.7987885,25183,8.541590690612793
1738281795.5916288,25281,8.96820068359375
1738281802.9466667,25294,9.03968620300293
1738281808.100798,25303,9.23061752319336
1738281853.3698084,25382,9.45922565460205
1738281887.103989,25441,9.804610252380371
1738281952.41259,25555,9.75802230834961
1738282007.0491667,25571,9.755167961120605
1738282052.038713,25650,9.256793022155762
1738282102.0065494,25737,9.688492774963379
1738282174.661493,25863,9.00252914428711
1738282194.9764757,25898,8.864649772644043
1738282237.8152826,25972,-10.837686538696289
1738282359.2884982,26118,9.67479133605957
1738282373.8407984,26143,9.408927917480469
1738282410.9419103,26207,9.133207321166992
1738282419.0140934,26221,9.428035736083984
1738282490.1681113,26344,9.285629272460938
1738282496.489767,26355,9.724488258361816
1738282554.4979405,26455,-11.658791542053223
1738282593.546108,26522,8.087377548217773
1738282757.1011605,26723,-10.552074432373047
1738282830.733502,26850,9.49778938293457
1738282831.3006344,26851,9.49778938293457
1738282848.1194353,26880,9.183549880981445
1738282849.2756753,26882,9.183549880981445
1738282906.942933,26981,9.750170707702637
1738283068.557526,27196,8.85380744934082
1738283072.0441663,27202,8.85380744934082
1738283075.5782194,27208,9.39732837677002
1738283077.9026434,27212,9.39732837677002
1738283078.491754,27213,9.39732837677002
1738283146.5272243,27328,-11.5533447265625
1738283282.5739052,27559,9.927806854248047
1738283380.8583183,27658,9.662055015563965
1738283386.734267,27668,9.393195152282715
1738283390.8705788,27675,8.841008186340332
1738283401.4862397,27693,9.256336212158203
1738283460.9556775,27794,9.416491508483887
1738283512.0181885,27880,9.703280448913574
1738283565.4905336,27971,9.359338760375977
1738283566.6406999,27973,9.359338760375977
1738283585.5501804,28005,7.184436321258545
1738283596.1518261,28023,8.621286392211914
1738283800.680341,28307,9.750584602355957
1738283842.2018514,28377,9.875648498535156
1738283911.6527278,28494,9.3421630859375
1738283919.3726037,28507,9.216565132141113
1738284026.2862003,28600,9.826441764831543
1738284043.8311489,28629,7.164973258972168
1738284067.297985,28668,9.472180366516113
1738284283.8011024,29027,9.571805000305176
1738284299.4527857,29053,9.310199737548828
1738284360.7925766,29076,9.501354217529297
1738284372.197205,29095,9.360617637634277
1738284387.2355857,29120,9.490553855895996
1738284396.7735677,29136,9.20238971710205
1738284470.644203,29259,9.679647445678711
1738284507.927179,29321,7.7819504737854
1738284632.8337102,29529,9.56633472442627
1738284636.9887292,29536,9.56633472442627
1738284642.4015179,29545,8.995619773864746
1738284704.9346404,29596,9.486553192138672
1738284719.4107506,29620,9.839015007019043
1738284749.6182766,29670,9.215869903564453
1738284831.9665112,29806,8.302617073059082
1738284881.5616758,29887,9.648592948913574
1738284882.1497846,29888,9.648592948913574
1738284985.792762,30059,9.380146026611328
1738284988.833314,30064,9.380146026611328
1738285044.3161452,30091,9.381080627441406
1738285081.383324,30152,9.456155776977539
1738285131.1277473,30234,9.41183090209961
1738285173.2613842,30303,8.724637985229492
1738285198.232996,30344,9.844852447509766
1738285224.3650417,30387,9.572428703308105
1738285305.1587641,30519,8.047808647155762
1738285311.9607315,30530,-10.548508644104004
1738285438.9545245,30673,9.502568244934082
1738285496.371806,30767,9.752347946166992
1738285504.910735,30781,9.876459121704102
1738285516.3020313,30799,9.375240325927734
1738285778.4006062,31167,9.694908142089844
1738285964.4299757,31468,9.731314659118652
1738285987.2538304,31505,9.891762733459473
1738286193.0343187,31759,9.237271308898926
1738286262.0763187,31871,9.12484073638916
1738286302.2533853,31936,9.43470573425293
1738286306.570954,31943,9.324020385742188
1738286311.5173566,31951,9.324020385742188
1738286341.1214418,31999,9.345458030700684
1738286346.7552626,32008,9.849839210510254
1738286383.7180912,32067,9.866474151611328
1738286441.0720174,32081,9.729496002197266
1738286538.4752254,32238,8.518559455871582
1738286558.8031075,32271,9.92293643951416
1738286584.8438363,32313,9.899664878845215
1738286701.0441515,32499,9.365574836730957
1738286800.5057719,32607,9.883834838867188
1738286843.9087546,32676,9.500324249267578
1738286872.6953194,32722,9.387991905212402
1738286903.4148836,32771,9.660521507263184
1738286938.736496,32827,9.758862495422363
1738287021.6919186,32959,8.929181098937988
1738287026.753142,32967,8.961256980895996
1738287089.7081544,33067,9.796324729919434
1738287135.930034,33080,4.642879009246826
1738287148.5001853,33100,9.515680313110352
1738287223.0408494,33218,9.538152694702148
1738287239.9885616,33245,9.335711479187012
1738287241.2838194,33247,9.601998329162598
1738287298.260981,33337,9.494068145751953
1738287342.3733513,33407,9.75201416015625
1738287363.9447908,33441,9.527238845825195
1738287381.633621,33469,9.046195030212402
1738287511.494162,33606,8.865949630737305
1738287569.8395205,33698,9.4326171875
1738287631.3141148,33795,9.285985946655273
1738287637.0361724,33804,8.93095588684082
1738287644.6541686,33816,9.771299362182617
1738287656.7263339,33835,9.162471771240234
1738287667.5497396,33852,9.338330268859863
1738287701.8237329,33906,9.771418571472168
1738287709.4351065,33918,9.572883605957031
1738287725.2245853,33943,9.502262115478516
1738287748.7256577,33980,9.762545585632324
1738287849.6230867,34085,8.988319396972656
1738287861.9333682,34104,9.703207015991211
1738287895.5980256,34157,9.651545524597168
1738287928.7982953,34209,9.845288276672363
1738288069.3351636,34430,9.842400550842285
1738288082.712773,34451,9.657917976379395
1738288117.6178002,34506,9.34889030456543
1738288205.1074338,34594,9.552929878234863
1738288205.7395418,34595,9.552929878234863
1738288230.0047116,34633,9.51733684539795
1738288252.4466317,34668,-0.6029976010322571
1738288370.5755107,34852,8.623457908630371
1738288431.905466,34947,9.459426879882812
1738288613.4975526,35185,9.42170524597168
1738288653.7498648,35247,9.43050479888916
1738288707.0191877,35324,9.4192533493042
1738288761.7204943,35403,9.744779586791992
1738288775.3108344,35424,9.498285293579102
1738288780.4774995,35432,9.791147232055664
1738288790.1295812,35447,-10.404993057250977
1738288857.54994,35551,9.862974166870117
1738288858.8161626,35553,9.862974166870117
1738288953.0776706,35644,8.950611114501953
1738289081.5087,35842,9.29350471496582
1738289086.027067,35849,9.29350471496582
1738289128.9845028,35915,-10.93463134765625
1738289132.2180667,35920,-10.93463134765625
1738289200.241229,36024,9.722356796264648
1738289211.382747,36041,9.388550758361816
1738289289.7142105,36109,9.36119556427002
1738289425.9049387,36318,9.463885307312012
1738289436.384793,36334,9.910707473754883
1738289444.864198,36347,8.915986061096191
1738289467.844703,36382,9.474925994873047
1738289484.8882387,36408,9.476616859436035
1738289670.8107085,36642,9.85358715057373
1738289710.5867085,36702,9.84305477142334
1738289730.4066474,36732,9.571077346801758
1738289743.159157,36751,9.384293556213379
1738289802.1417623,36840,9.912544250488281
1738289830.7935507,36883,9.508767127990723
1738289836.8585608,36892,9.508767127990723
1738289857.7235186,36923,9.446028709411621
1738289896.517916,36980,9.665452003479004
1738290026.1781619,37127,8.845481872558594
1738290102.4402113,37243,9.787830352783203
1738290124.191448,37276,9.14097785949707
1738290291.2266796,37529,8.912222862243652
1738290313.6375902,37563,9.866436004638672
1738290535.8919299,37839,9.592385292053223
1738290615.3873322,37951,9.801344871520996
1738290881.1400704,38268,9.422950744628906
1738290917.9953077,38323,9.345154762268066
1738290928.1828775,38338,9.612763404846191
1738290997.7364116,38441,9.411996841430664
1738291048.5511284,38515,9.443059921264648
1738291059.3612237,38531,9.45712661743164
1738291066.7364633,38542,9.749151229858398
1738291089.5859387,38576,8.288716316223145
1738291177.0196483,38657,9.565877914428711
1738291218.0469823,38718,8.916769027709961
1738291218.7020845,38719,8.916769027709961
1738291257.523576,38777,9.759248733520508
1738291270.9697943,38797,9.848483085632324
1738291300.6256707,38840,9.919723510742188
1738291352.3391447,38917,9.350851058959961
1738291447.1226792,39058,9.778687477111816
1738291463.1871824,39082,9.78897476196289
1738291590.2756999,39219,9.340630531311035
1738291655.5298803,39315,-10.566771507263184
1738291695.5853882,39374,9.280195236206055
1738291703.006481,39385,9.812183380126953
1738291932.3780603,39670,9.48453140258789
1738292008.3228486,39781,9.870563507080078
1738292027.4890473,39809,9.540143966674805
1738292062.2766247,39860,9.71445369720459
1738292128.3365803,39957,9.465224266052246
1738292149.4095051,39988,9.753121376037598
1738292152.8856359,39993,9.392696380615234
1738292164.3918142,40010,9.472173690795898
1738292270.8592036,40100,9.37487506866455
1738292458.938943,40376,9.476751327514648
1738292589.8519745,40568,9.667407035827637
1738292598.0429003,40580,9.765015602111816
1738292733.140705,40728,9.65512466430664
1738292739.9976246,40738,9.324281692504883
1738292744.1144125,40744,9.609651565551758
1738292746.8364654,40748,9.609651565551758
1738292768.1514082,40779,8.59276008605957
1738292769.5068133,40781,9.782305717468262
1738292779.109926,40795,9.46959114074707
1738292783.2035015,40801,9.528033256530762
1738292833.2719584,40874,9.565366744995117
1738293036.9074483,41122,9.892334938049316
1738293097.5076854,41210,9.797307968139648
1738293115.3880801,41236,9.736851692199707
1738293177.1863801,41326,9.69087028503418
1738293195.8139799,41353,9.49962329864502
1738293244.1797647,41423,8.469388008117676
1738293290.9708982,41491,9.896467208862305
1738293347.4317935,41573,9.703263282775879
1738293413.7455866,41622,9.429905891418457
1738293424.873424,41638,9.55383586883545
1738293581.1586502,41863,9.61019515991211
1738293646.088981,41954,9.437468528747559
1738293742.751065,42089,9.78247356414795
1738293782.8240454,42097,9.371014595031738
1738293872.4987214,42218,9.675884246826172
1738293890.3672938,42242,9.714496612548828
1738293908.6186826,42266,9.796873092651367
1738293956.9164212,42328,9.051776885986328
1738294027.4925377,42423,9.429759979248047
1738294105.2858102,42534,7.3783860206604
1738294117.9033384,42552,9.707594871520996
1738294301.057555,42763,9.639328956604004
1738294369.5462568,42861,9.354498863220215
1738294478.0098653,43016,9.462397575378418
1738294501.0083275,43049,9.801909446716309
1738294512.8520257,43066,9.797083854675293
1738294579.3472955,43106,9.821988105773926
1738294760.540287,43364,8.210020065307617
1738294898.0891345,43560,9.391066551208496
1738294964.829703,43605,9.432405471801758
1738294989.756554,43640,9.540449142456055
1738295011.3951104,43670,9.776182174682617
1738295028.4682565,43694,9.878791809082031
1738295051.0155187,43726,9.3887300491333
1738295102.8197198,43798,9.637531280517578
1738295121.8076437,43825,9.42279052734375
1738295124.6542206,43829,9.843124389648438
1738295135.2869182,43844,9.449101448059082
1738295153.63931,43870,9.444464683532715
1738295169.1337283,43892,9.644559860229492
1738295290.6087976,44063,9.212968826293945
1738295293.4023588,44067,-11.154925346374512
1738295302.6090837,44080,9.53610610961914
1738295391.6676798,44161,9.45267105102539
1738295394.5242615,44165,9.45267105102539
1738295420.286563,44201,9.385480880737305
1738295482.2682717,44288,9.790093421936035
1738295487.2605553,44295,9.790093421936035
1738295518.7291613,44339,9.696493148803711
1738295556.656638,44392,9.68971061706543
1738295584.488935,44431,9.883708000183105
1738295698.9013083,44589,9.68621826171875
1738295795.633974,44674,9.859185218811035
1738295796.3345828,44675,9.859185218811035
1738295838.3976996,44734,9.91904354095459
1738295898.147758,44818,9.833253860473633
1738295950.175538,44891,9.858680725097656
1738295960.1275866,44905,9.352807998657227
1738296065.3100154,45053,9.859803199768066
1738296086.6543021,45083,9.469782829284668
1738296172.0871863,45143,9.391057968139648
1738296208.6105032,45194,9.8360595703125
1738296356.1115332,45400,9.752254486083984
1738296362.5354652,45409,9.752254486083984
1738296400.5281808,45462,9.463465690612793
1738296496.9750018,45597,9.852478981018066
1738296551.4278157,45634,9.742480278015137
1738296634.29117,45749,9.84591007232666
1738296715.8605251,45862,8.052216529846191
1738296764.5467575,45930,9.472305297851562
1738296789.7851665,45965,9.373852729797363
1738296936.5944796,46116,9.689311027526855
1738296943.144232,46125,-11.491019248962402
1738296962.545306,46152,9.35554313659668
1738296984.1065414,46182,9.222001075744629
1738297008.8306315,46216,9.63728141784668
1738297041.3397477,46261,9.831151008605957
1738297067.579533,46297,8.932206153869629
1738297149.1393847,46410,9.482512474060059
1738297160.7220502,46426,9.54425048828125
1738297205.4678254,46488,8.927244186401367
1738297218.0222619,46505,9.454071998596191
1738297280.4905841,46591,9.543290138244629
1738297459.9003315,46789,9.738274574279785
1738297497.8457394,46841,9.723579406738281
1738297865.7945955,47292,9.136019706726074
1738297897.3637207,47335,9.667587280273438
1738297936.2597494,47388,9.644630432128906
1738297941.4012086,47395,9.569416046142578
1738297956.0814533,47415,8.766056060791016
1738297975.2914076,47441,9.759069442749023
1738298041.3293772,47531,9.31019115447998
1738298079.34959,47583,9.829327583312988
1738298157.6280808,47644,9.75478744506836
1738298162.7625077,47651,9.69186019897461
1738298183.9764051,47680,9.59088134765625
1738298222.679815,47733,9.79472541809082
1738298225.6411388,47737,9.805113792419434
1738298235.1241255,47750,9.484652519226074
1738298245.3080652,47764,9.867899894714355
1738298262.8811476,47788,9.411408424377441
1738298272.4544413,47800,9.782651901245117
1738298302.0594707,47832,9.750845909118652
1738298308.768515,47839,9.57422161102295
1738298320.9850507,47853,9.758825302124023
1738298405.036905,47966,9.721125602722168
1738298413.103619,47977,9.667014122009277
1738298417.4698293,47983,9.667014122009277
1738298447.4578385,48024,-11.174968719482422
1738298450.4542875,48028,9.399758338928223
1738298460.682594,48042,9.774076461791992
1738298477.4831758,48065,9.480216979980469
1738298607.1158423,48172,8.9209623336792
1738298684.6033046,48277,9.66384506225586
1738298696.3053098,48293,9.726863861083984
1738298718.33111,48323,9.862985610961914
1738298861.175772,48517,9.062712669372559
1738298961.423783,48611,9.403457641601562
1738298967.3056192,48619,9.79916763305664
1738299047.3411217,48727,8.585827827453613
1738299062.1367838,48747,9.578496932983398
1738299206.4996834,48941,9.613227844238281
1738299309.2231934,49079,9.552250862121582
1738299554.319122,49370,9.517643928527832
1738299594.4053054,49424,9.673087120056152
1738299613.0356698,49449,9.339141845703125
1738299706.6251652,49575,9.64034366607666
1738299804.577046,49657,9.266228675842285
1738299850.3032844,49718,9.410367965698242
1738299864.5420396,49737,9.80077838897705
1738299908.8115175,49796,9.760110855102539
1738300054.952078,49991,9.72311782836914
1738300140.5904186,50105,9.800166130065918
1738300220.7828672,50156,8.942761421203613
1738300290.437622,50249,9.680281639099121
1738300302.5075996,50265,9.65670394897461
1738300324.9480817,50295,9.208736419677734
1738300379.6870878,50368,9.850432395935059
1738300465.302733,50482,9.833839416503906
1738300531.1643639,50570,9.411298751831055
1738300618.1955922,50639,9.612939834594727
1738300686.6381478,50730,9.629130363464355
1738300688.1926112,50732,9.454895973205566
1738300692.6932917,50738,9.454895973205566
1738300829.6969116,50920,9.49721908569336
1738300950.110764,51080,9.472776412963867
1738301010.7006025,51117,9.738935470581055
1738301097.714034,51232,9.7725248336792
1738301100.8005736,51236,9.7725248336792
1738301171.0880022,51329,9.8403902053833
1738301212.704735,51384,9.7617769241333
1738301258.0406108,51444,-10.67354965209961
1738301330.3038933,51539,9.4088716506958
1738301608.1452897,51853,9.339005470275879
1738301641.5979428,51897,9.816671371459961
1738301644.6078036,51901,9.816671371459961
1738301650.7527652,51909,8.926297187805176
1738301763.3630576,52057,9.844162940979004
1738301799.2051663,52104,9.7667236328125
1738301879.9833815,52171,9.780441284179688
1738301881.4851043,52173,9.780441284179688
1738302009.549153,52341,9.32451343536377
1738302051.6513438,52396,9.375807762145996
1738302072.8874958,52424,9.870379447937012
1738302098.1224344,52457,9.464101791381836
1738302116.432039,52481,9.492949485778809
1738302124.03737,52491,9.884106636047363
1738302251.0212972,52615,9.700639724731445
1738302264.8465116,52633,9.878828048706055
1738302351.748763,52746,9.826274871826172
1738302383.3286288,52787,9.869464874267578
1738302475.8734164,52907,9.626189231872559
1738302556.135182,53011,9.660846710205078
1738302581.5506542,53044,9.48257064819336
1738302630.918835,53108,8.963541984558105
1738302671.9074862,53119,9.560286521911621
1738302732.6472566,53198,9.712397575378418
1738302744.1289148,53213,9.880672454833984
1738302772.4210181,53250,9.676619529724121
1738302970.6848974,53507,9.686235427856445
1738302976.7925003,53515,9.686235427856445
1738303022.3834252,53574,9.706512451171875
1738303033.2183652,53588,9.728323936462402
1738303193.896633,53755,7.974782943725586
1738303238.6440933,53813,9.76520824432373
1738303244.0493026,53820,9.4284029006958
1738303247.1217742,53824,9.4284029006958
1738303250.3307686,53828,8.576974868774414
1738303359.289842,53969,9.723998069763184
1738303384.754755,54002,9.690185546875
1738303393.33528,54013,9.752225875854492
1738303524.4396458,54131,9.707098007202148
1738303562.5084867,54180,9.799442291259766
1738303574.0812416,54195,9.895889282226562
1738303590.3112237,54216,9.825239181518555
1738303601.9489837,54231,9.615153312683105
1738303694.2133782,54349,9.651787757873535
1738303792.93367,54476,9.733689308166504
1738303869.2273505,54574,-10.976141929626465
1738304000.4490502,54698,9.555926322937012
1738304028.6842587,54734,9.731377601623535
1738304045.9173815,54756,9.160648345947266
1738304080.5033607,54800,9.462918281555176
1738304102.5603302,54828,9.741086959838867
1738304171.4810932,54916,9.845083236694336
1738304273.5808845,55046,9.561691284179688
1738304308.9488394,55091,9.755928039550781
1738304507.8819394,55303,9.39494800567627
1738304591.2290518,55409,9.369140625
1738304593.604079,55412,9.869101524353027
1738304614.022694,55438,9.77527141571045
1738304638.4175422,55469,9.568038940429688
1738304816.1267912,55649,9.806126594543457
1738304820.083968,55654,9.835166931152344
1738304826.3648562,55662,9.550287246704102
1738304953.730944,55824,9.346965789794922
1738304995.5436518,55877,9.147919654846191
1738305018.4659271,55906,9.485493659973145
1738305077.5926342,55981,9.56331729888916
1738305151.0240555,56074,9.871258735656738
1738305153.4069405,56077,9.871258735656738
1738305289.8529868,56203,9.545159339904785
1738305458.0165834,56416,9.527724266052246
1738305484.174282,56449,9.363462448120117
1738305517.4234629,56491,9.337630271911621
1738305542.809105,56523,9.262134552001953
1738305559.3596096,56544,9.46829891204834
1738305619.1021519,56619,9.840943336486816
1738305661.0021408,56634,9.166828155517578
1738305666.546482,56641,9.166828155517578
1738305730.3675642,56721,8.256657600402832
1738305872.9544978,56900,9.890671730041504
1738305899.0553188,56933,9.889512062072754
1738305927.63254,56969,9.264079093933105
1738306041.4306657,57112,9.41390609741211
1738306101.5004754,57150,9.487935066223145
1738306261.7181249,57351,9.561420440673828
1738306280.8911865,57375,9.881753921508789
1738306311.2258422,57413,8.613698959350586
1738306315.9915745,57419,9.825234413146973
1738306447.1786084,57583,9.808382034301758
1738306459.224908,57598,9.750140190124512
1738306520.2525806,57633,9.279813766479492
1738306655.4421601,57801,9.735538482666016
1738306714.9241638,57875,9.910125732421875
1738306803.6039035,57985,9.463088989257812
1738307010.0933988,58206,9.489620208740234
1738307175.4055831,58411,9.370931625366211
1738307216.3327487,58462,9.89178466796875
1738307292.083454,58556,9.842653274536133
1738307420.0818589,58673,9.779178619384766
1738307464.3770971,58728,9.396246910095215
1738307488.508561,58758,9.828572273254395
1738307491.7141793,58762,9.828572273254395
1738307525.539798,58804,8.942288398742676
1738307551.3223536,58836,9.1834077835083
1738307573.01784,58863,9.724611282348633
1738307586.741459,58880,9.896190643310547
1738307598.8218496,58895,9.585497856140137
1738307606.996088,58905,9.61803913116455
1738307675.0343535,58989,9.135363578796387
1738307819.8839598,59132,9.513447761535645
1738307832.7882986,59148,8.924394607543945
1738307835.2852812,59151,8.924394607543945
1738307837.6856084,59154,8.924394607543945
1738308022.1385887,59382,9.910553932189941
1738308060.41376,59429,9.433684349060059
1738308158.543914,59550,9.80074691772461
1738308307.1957972,59695,9.5381441116333
1738308346.3019736,59743,9.741545677185059
1738308359.2850175,59759,9.676077842712402
1738308383.8616889,59789,9.280529975891113
1738308423.9873607,59838,9.34733772277832
1738308438.7572365,59856,9.424177169799805
1738308450.2376156,59870,9.221470832824707
1738308504.806807,59937,9.72385311126709
1738308540.6189148,59981,9.750177383422852
1738308562.6060238,60008,-10.932697296142578
1738308660.173876,60127,9.696343421936035
1738308767.1070535,60206,-0.1552230268716812
1738308853.2254395,60299,8.972176551818848
1738308858.3076103,60305,9.731639862060547
1738308876.9587944,60327,9.715691566467285
1738308954.599008,60417,9.307527542114258
1738309038.9403796,60518,9.464391708374023
1738309103.2614548,60595,9.455389976501465
1738309126.6039011,60623,9.882136344909668
1738309236.0357254,60717,9.3433256149292
1738309272.6703012,60759,9.335882186889648
1738309301.326186,60792,9.475507736206055
1738309358.7282605,60857,9.356390953063965
1738309477.671819,60992,9.442483901977539
1738309642.1253848,61144,9.881415367126465
1738309729.9995635,61244,9.806303977966309
1738309798.3799875,61327,9.025884628295898
1738309857.0093207,61398,9.850435256958008
1738309939.6725197,61495,9.378108024597168
1738309949.8984427,61507,9.752340316772461
1738309974.1353798,61535,9.691559791564941
1738309995.7106125,61560,8.377098083496094
1738310109.6786935,61657,9.53228759765625
1738310236.3308444,61803,9.720123291015625
1738310294.6046448,61870,9.89835262298584
1738310333.9346547,61915,9.58924674987793
1738310664.4682734,62263,9.518248558044434
1738310687.0337424,62289,9.55033016204834
1738310715.0866048,62322,9.534899711608887
1738310732.5325842,62343,9.143056869506836
1738310873.6141715,62508,9.733551025390625
1738311021.974586,62641,9.378626823425293
1738311049.4283006,62672,9.574544906616211
1738311056.5587103,62680,8.84375286102295
1738311330.117003,62999,9.501007080078125
1738311381.9614942,63058,9.073081016540527
1738311406.2154536,63086,9.723511695861816
1738311408.8556561,63089,9.723511695861816
1738311492.3431294,63150,8.825644493103027
1738311660.1100202,63346,9.705169677734375
1738311776.8761623,63484,9.485576629638672
1738311835.6483257,63554,9.722577095031738
1738311836.483631,63555,9.722577095031738
1738311945.022151,63640,9.557899475097656
1738312033.8386235,63741,9.607095718383789
1738312081.4674432,63795,9.74171257019043
1738312084.174623,63798,9.672094345092773
1738312178.6552012,63908,9.803755760192871
1738312223.014313,63960,9.574319839477539
1738312250.3130634,63992,9.779576301574707
1738312265.7644663,64010,9.76032543182373
1738312359.2236316,64115,9.53646469116211
1738312474.8751976,64209,9.876378059387207
1738312489.943412,64226,9.520216941833496
1738312517.3828318,64257,9.851306915283203
1738312555.80901,64301,9.406068801879883
1738312577.530238,64327,9.845874786376953
1738312599.2950003,64353,9.604560852050781
1738312868.1054766,64640,9.39402961730957
1738312876.5858283,64650,8.673940658569336
1738312878.2325218,64652,8.673940658569336
1738313023.8298147,64816,9.703452110290527
1738313196.8041134,65016,9.6985445022583
1738313198.4865212,65018,9.6985445022583
1738313283.2930012,65118,9.763959884643555
1738313292.560564,65129,9.85883617401123
1738313343.7577481,65158,9.904810905456543
1738313365.7254114,65184,9.48753833770752
1738313538.728252,65375,8.987204551696777
1738313564.8935556,65404,9.200671195983887
1738313581.1449695,65422,9.48381519317627
1738313634.0073876,65480,9.793435096740723
1738313654.8105502,65503,9.766170501708984
1738313656.636895,65505,9.766170501708984
1738313714.656335,65571,9.827670097351074
1738313722.3203971,65580,9.30824089050293
1738313748.9324286,65611,9.650871276855469
1738313766.834404,65632,9.689703941345215
1738313820.6208522,65658,9.797626495361328
1738313883.6931624,65732,9.140691757202148
1738313919.566092,65774,9.899338722229004
1738313975.8882818,65840,9.704474449157715
1738314050.2408957,65927,9.512605667114258
1738314146.2297459,66038,-1.653303623199463
1738314181.1697853,66079,9.575892448425293
1738314291.552211,66172,9.726030349731445
1738314299.2032933,66181,9.726030349731445
1738314511.2004066,66430,9.803056716918945
1738314604.070786,66537,9.873013496398926
1738314746.3645937,66667,9.440377235412598
1738314842.9505184,66780,9.092244148254395
1738314962.0805728,66920,9.881462097167969
1738315100.1765785,67081,9.725357055664062
1738315124.378593,67109,9.399652481079102
1738315131.201477,67117,9.695637702941895
1738315192.3866107,67155,9.869550704956055
1738315387.6166978,67382,9.874044418334961
1738315405.6144822,67403,9.756670951843262
1738315552.3924665,67574,9.848878860473633
1738315581.827354,67608,9.379176139831543
1738315648.1108344,67648,9.839059829711914
1738315827.4182715,67846,9.166110038757324
1738316179.7501369,68211,9.31032657623291
1738316287.1344793,68335,9.142012596130371
1738316342.729545,68399,9.636363983154297
1738316343.5785708,68400,9.636363983154297
1738316358.5668123,68417,9.775277137756348
1738316379.744981,68441,9.622159957885742
1738316385.0878308,68447,9.470916748046875
1738316410.0999155,68476,9.834211349487305
1738316443.007258,68514,9.56107234954834
1738316487.2377222,68565,-10.552647590637207
1738316588.0766234,68649,8.69692611694336
1738316655.689561,68727,9.82479190826416
1738316743.1577437,68828,9.552095413208008
1738316849.8703446,68951,9.43020248413086
1738316944.7007222,69060,9.882674217224121
1738316949.857802,69066,9.882674217224121
1738317001.226861,69125,9.907690048217773
1738317193.2093258,69309,9.301835060119629
1738317194.082691,69310,9.301835060119629
1738317205.785142,69323,9.827632904052734
1738317329.1787426,69464,9.901324272155762
1738317373.002816,69514,9.486482620239258
1738317442.3579931,69593,9.541464805603027
1738317460.708382,69614,8.978858947753906
1738317619.9603887,69760,9.885628700256348
1738317655.8510742,69801,9.760594367980957
1738317679.3798175,69828,9.604817390441895
1738317705.5960543,69858,9.53406047821045
1738317774.7444746,69937,9.161462783813477
1738317855.2265553,70029,9.489277839660645
1738317877.0642712,70054,9.460391998291016
1738317914.7505052,70097,9.030773162841797
1738317950.6922784,70138,9.478401184082031
